155XX,0.006418156652319827,0.023937733452152974,0.03191065774255323,0.923920668929296,0.011366868280844124
413XX,0.004273752761949064,0.0064542388649843005,0.0012210722176997325,0.9754041167577625,0.010320967554366787
943XX,0.22212587748023652,0.05354820260684273,0.06902690785650373,0.5794552012323927,0.041288846661193465
298XX,0.006824058359915766,0.31504402761611117,0.019872404325457824,0.63994650933421,0.015767306718320998
815XX,0.006220258092223292,0.007037619400555529,0.02960510365942355,0.9213809250036366,0.02731926271239272
809XX,0.02823520872460691,0.07282451890361741,0.04257661401296231,0.7978427405330696,0.050686373245506594
837XX,0.03392269346565778,0.01312867084546666,0.01262751857490518,0.9016982228077436,0.028778289476181978
234XX,0.04881758460684925,0.2170383189589953,0.011225223180511423,0.6804594114086852,0.038995120290512934
235XX,0.03047551367639924,0.3593924029874203,0.016686368699050887,0.5535132254163051,0.034011629893335706
661XX,0.0339208808773254,0.21126922109251284,0.05331956962512395,0.668912519054596,0.026524737675561277
292XX,0.02951362630770769,0.4065666729045274,0.020620829498757983,0.513141805373618,0.026565596232673915
436XX,0.013112199910397589,0.22272762293935858,0.02296275792795852,0.6949351809312373,0.04279228506122356
121XX,0.02719785956207376,0.04478002824188931,0.008295612597722954,0.8901857665124806,0.02828435831100761
504XX,0.006922406120485827,0.008297897206764179,0.00608632330333624,0.9631404349428677,0.013359344798755765
218XX,0.03677962077270106,0.170984702011465,0.008337573352328619,0.7596010990129236,0.022451748583833656
703XX,0.039914971737765106,0.14222522827189718,0.042123774095366925,0.7274032561959515,0.030202425237934198
686XX,0.0032900526679213093,0.006038532880217712,0.015543129476434828,0.9595851554989914,0.012726952707185312
203XX,0.046674735951982224,0.016000397937358028,0.0035482747757457182,0.9194674271691731,0.013579612342690388
165XX,0.017755879394834265,0.09699664034580899,0.011250561725621108,0.8404164259271147,0.030087094220110848
627XX,0.01585962190577519,0.13076064339959853,0.01976949564725182,0.8109528875937505,0.02065524452434237
925XX,0.058725046845370214,0.0739046336502278,0.16265570023461343,0.6427381593318929,0.04797275166822935
249XX,0.03648598916986489,0.02266968087902844,0.0027233058198832868,0.9146206824036591,0.022795857210451607
510XX,0.005288716323639156,0.0036772260736959365,0.013605736472674965,0.9596478515265896,0.012924368111960719
145XX,0.022802532515541856,0.02843873332569691,0.010616363465964116,0.9176567983255407,0.01872572398496319
224XX,0.025682739972960795,0.19365930599369086,0.03789995493465525,0.7106489409643983,0.02733213159080667
302XX,0.027878808118092055,0.41681489724698734,0.019291420175008667,0.5116719918359409,0.021960061721543904
714XX,0.007484305964437808,0.21925635860812567,0.016086092995084022,0.7017405471900986,0.03759525587029707
940XX,0.2954070968793383,0.0208178933957315,0.06886916013480478,0.5583382800613355,0.045963529429958495
650XX,0.003954855618256085,0.010601374164758105,0.006888532099260973,0.9610830401624442,0.01321630108847071
349XX,0.013896982610977904,0.14479508178489928,0.03620377496140963,0.7744453885060744,0.02487800104093916
939XX,0.06480145919667865,0.029720702225681964,0.10151541747118366,0.7513972520497694,0.038011361179161166
210XX,0.07987090171580255,0.14131518210746818,0.016393136789812857,0.7307645155616201,0.02891252551849858
693XX,0.00430764955186549,0.016582134834062855,0.020812586365285594,0.9249094853207964,0.017022163551726532
182XX,0.025567650550798255,0.021697058785156063,0.030903848411970133,0.9043876854296139,0.014238558922148918
742XX,0.049066037927600156,0.022947620886603386,0.025915160877253603,0.8774771844956198,0.023130551433972236
984XX,0.08174342465720068,0.10300416643330419,0.036750328127929714,0.6653143818654225,0.07899421179896898
330XX,0.02618630151757349,0.2199331577102931,0.026500036994402662,0.7019656359280462,0.022323971168455303
894XX,0.029900355159476616,0.01593212967980423,0.04648827007306828,0.8375067735711648,0.03639608047520269
217XX,0.05268093587299024,0.07577862481946328,0.010475258899290333,0.8307845616559277,0.026957091445633442
106XX,0.06136874531679294,0.1105986179335609,0.0858463075514112,0.6924818915993672,0.04319373907251686
243XX,0.0032835860181090757,0.028019056643503897,0.0021780901242366814,0.9550036849863129,0.010337702674247209
225XX,0.01709854895949266,0.19856260893303374,0.03387161126393818,0.7168476092480208,0.02890006509733101
962XX,0.0036312190521103514,0.08073567554821975,0.18090073095967932,0.6573921244989389,0.07446356991275642
829XX,0.0059773874305692615,0.005991485042433812,0.016621084388304622,0.9211379592297065,0.04395635379366735
420XX,0.007874474773429478,0.06022896963663514,0.002448441472831717,0.908322458845107,0.018560621348077795
721XX,0.006804635499833994,0.18545161341322666,0.006172234431076188,0.7808572196487013,0.01713174495264897
577XX,0.007877312186014283,0.00970588801416665,0.006650241564490982,0.8109156352857391,0.03902084576444094
246XX,0.0717355840839776,0.02997375700404284,0.005347897013972622,0.8746932406553656,0.017710475920278034
785XX,0.009565603605813088,0.0060894454596843416,0.056790957951122926,0.9161295532512435,0.008597304014667309
959XX,0.053221022074728556,0.021465260309877613,0.05054887371676989,0.7860326083127241,0.07290896024012344
220XX,0.18173812637658263,0.09722376155422602,0.04802648680999583,0.6218677392508166,0.04734335925456476
897XX,0.023785150840007225,0.012705485638586138,0.061781176612271935,0.8465105076172699,0.02950563015595833
395XX,0.023076883777722147,0.20954137439523443,0.009952129643347962,0.7320179628787608,0.02278567669883568
616XX,0.027215317032379276,0.1788163617704074,0.01264111293922166,0.7484537985784178,0.029914042604025824
398XX,0.00450754806045853,0.4401106987162281,0.029090808119139958,0.5143973121315056,0.010060995362871503
265XX,0.018549489098733454,0.03496257469764027,0.0031153759866207093,0.9247822805979891,0.017106524443719278
647XX,0.018687655581224594,0.011233188273428965,0.00697541145077813,0.9445190637368148,0.014868640197711277
902XX,0.07380793949946807,0.08819355070067299,0.1976499464085778,0.5961087447653731,0.0382877839448865
250XX,0.004791390240306649,0.021376971841368126,0.0010614772224679346,0.9262863039952823,0.04558454960931741
912XX,0.16245648487012407,0.01809665644070902,0.04635036667809844,0.7303353894868386,0.03890875094547043
734XX,0.006625143383968868,0.042859746357779185,0.027401078461851823,0.7569279917668121,0.08658783675132127
535XX,0.014299193917989917,0.02049623019617358,0.009655011277959005,0.9304702594379892,0.02328381815077418
258XX,0.009759012148974308,0.08047312399035163,0.004802053597114342,0.8872955807829339,0.014671712142335524
909XX,0.003787878787878788,0.16469038208168643,0.06653491436100131,0.5517127799736495,0.2002635046113307
284XX,0.00931951626371088,0.16243261717085844,0.027691573619823568,0.7709163686075068,0.020924415731464634
362XX,0.005846552493766944,0.1826095003756165,0.009983777722130889,0.7803133403738746,0.018214678439612844
473XX,0.007663742470531842,0.0321161054096666,0.0064162907948461766,0.9254358861815851,0.025540995535740067
512XX,0.006605554057697492,0.0028534196099577603,0.030399029387975195,0.9465714028938618,0.010020670441268986
718XX,0.0034833695101186687,0.19742776557443104,0.09316713674824857,0.6817006121891938,0.019334000545901193
624XX,0.004790305024553449,0.029795195650102076,0.014757149091346853,0.9337683900060694,0.014817341405791504
773XX,0.03438262608855245,0.09296576202170961,0.046941321209877734,0.7993058461040748,0.021040033222333
429XX,0.01985450136404971,0.0009093664746892998,0.0013640497120339496,0.9612003637465899,0.013943619278569264
174XX,0.0262966144594947,0.08000582920431361,0.029207381613462393,0.8321687708048904,0.03130896316863274
288XX,0.018992660653257887,0.06115834974594569,0.011153393639807444,0.8802561660424846,0.025439908290488155
571XX,0.02121603677525768,0.04383734570290403,0.020388355295672834,0.8657131458446221,0.02117435497412751
580XX,0.009949172704660971,0.01624550905398748,0.004542013626040878,0.9438616728548598,0.014467154512574649
515XX,0.004610100589578601,0.007616155555691607,0.008626336959782535,0.9554785504815198,0.020289340443377803
339XX,0.014792806099519303,0.08521534131078691,0.0318616306910318,0.8491809224445385,0.01605302650010907
628XX,0.005213492049199517,0.03031749176106179,0.00273280628140251,0.9415440580597526,0.01843631255740244
467XX,0.0053221713507129445,0.005179374131688785,0.005798162080793477,0.9657703166230838,0.015990313588642863
690XX,0.06833448267054887,0.11126861287768498,0.12479248078052767,0.6617947539141318,0.031836640870431386
774XX,0.11698385814002797,0.1457200731122924,0.03867140784741958,0.670160815197032,0.025509686708295867
214XX,0.10084277163754307,0.12639295041715243,0.03969623748705557,0.694179404849519,0.036843579239421394
287XX,0.00764397732170684,0.0254517423162362,0.014505487218593549,0.9170385597294519,0.018097874738901232
381XX,0.017502270141635964,0.5806852696510766,0.0288503689632498,0.35440955442599337,0.016298051331294555
492XX,0.004683795662194646,0.05289691249030512,0.007417614152048713,0.9093851933750282,0.020789671996787627
844XX,0.011086742717093465,0.011549566891241578,0.07173248762734238,0.8673693179128733,0.028805545475104794
681XX,0.032646161339770496,0.10048995028866954,0.047581049525092046,0.781871839319227,0.03105453920318611
827XX,0.0060134167269426594,0.018465727779432412,0.020578933185834432,0.9269313137329986,0.01728857308996015
804XX,0.03090463788845858,0.10905177648535226,0.026154749213974388,0.8042829962081854,0.024214986438528076
289XX,0.030583272491279307,0.031671669235553396,0.014020713339282334,0.896453584273005,0.020679538141207647
757XX,0.009800357196880233,0.14029929170990094,0.03885113169843667,0.7895192172452319,0.016294122174071116
426XX,0.0006542691059161026,0.0213392385314175,0.008782304537104607,0.9537985354437706,0.011374216764387629
242XX,0.03455509380247055,0.02689136365038583,0.004027975479589094,0.920092722761587,0.01243207749225474
833XX,0.017480094193253685,0.048116528710828284,0.0534326195332866,0.8521654209950147,0.0201735802099659
954XX,0.030913293358184855,0.015202748712999965,0.0957866556676641,0.7940858311315873,0.03791542960314094
926XX,0.16320216401592066,0.018072149337354525,0.06846316748968385,0.692629981270234,0.05185887476517459
291XX,0.016365680542398515,0.32735584745745666,0.020619510497808725,0.6121130573472593,0.020398271114785024
870XX,0.006394019048919537,0.0186119550745912,0.10489536749394053,0.7322739220974295,0.02419690711091387
364XX,0.0025798038215115947,0.2748199807223451,0.0023813573737030106,0.699051236982858,0.012993517416038254
253XX,0.013064111366992155,0.04508029871242549,0.0054686977815316,0.8888213741014626,0.04515929101371428
566XX,0.007585090929150654,0.0070334479524851515,0.0028501553794384273,0.8259566408620341,0.0314620377691558
527XX,0.015233426758763031,0.020956222954510807,0.012577251885121902,0.9336132187210489,0.01469984637575786
315XX,0.009007860002966038,0.21825893519205103,0.028924810915022987,0.7222274951801868,0.017535221711404418
528XX,0.020607656744105574,0.11396687780543835,0.013523774738319285,0.8154826555426331,0.03261277021117081
497XX,0.004686329435523273,0.014865150972281034,0.0028744992019803916,0.9078490928634246,0.030190384678023516
677XX,0.014501619907630799,0.02936513407320604,0.01887020059281726,0.871286275591094,0.06466705728269112
722XX,0.028333048447526345,0.3986722781471027,0.008869958098687524,0.5434096673303735,0.01711624726856108
460XX,0.030508928846303598,0.038688950903569184,0.010601250636093148,0.8957223754479816,0.022979034732044063
144XX,0.01543672166826638,0.030888727219372625,0.009717492709587886,0.922706347702221,0.017805723508445875
541XX,0.0076348284542049035,0.005696390700255683,0.0066358789368323,0.9246189522922323,0.015444076665411373
805XX,0.029113883193629918,0.02168314900341154,0.02800102725163876,0.8889796388059743,0.026009674689614234
824XX,0.013243235908708514,0.03267388531574805,0.02119460500963391,0.9046785530136503,0.01895573828326413
646XX,0.019109574030222527,0.039405812517706425,0.009856798464819676,0.896551724137931,0.03282570464883819
869XX,0.07843079462390945,0.023490921952369723,0.01609290261730724,0.8681619900966753,0.013381278000471586
574XX,0.010643864081443499,0.008655614189825543,0.002077945375450346,0.9406514881975693,0.00850612171677156
880XX,0.033812751450593724,0.023154976784761163,0.05471220564856318,0.8574486768174748,0.020569447712624613
986XX,0.034108278242395575,0.01635735474692894,0.026781795483539324,0.8663113294065208,0.04122128539639004
150XX,0.013379500994911765,0.045731737987119464,0.0029535499940647326,0.9179464377330095,0.018866102380344005
587XX,0.008366779870330349,0.021982093238653907,0.010445610785221776,0.8717814140166719,0.031131007512606772
488XX,0.022067747810802427,0.02749679872107913,0.0053765578894624235,0.9133610644948342,0.02480533838114705
928XX,0.18961537544411855,0.026518348951999428,0.11142348443299871,0.6274363926842645,0.03626312484599916
700XX,0.05427527715129761,0.24772783583748928,0.030630539055303198,0.6440214732695911,0.018658873606302213
308XX,0.01909257270342901,0.31143203514287165,0.011818772673006274,0.6331570965645353,0.021517172713569923
272XX,0.02485673799188073,0.1514189864403289,0.033852040187332025,0.7645180145357818,0.020682523267838676
352XX,0.023978141194974895,0.4395535480228267,0.019902804944445563,0.5042527878042387,0.010147002480288762
642XX,0.02347026893659018,0.008512213175425611,0.007679496669133975,0.9410313348137183,0.01622255119664446
752XX,0.030891999114581896,0.236734566111591,0.11501417190675683,0.5910970762570068,0.022933670408328298
159XX,0.005468929521058333,0.02846732101237567,0.0031907559990808523,0.9449364803203887,0.017181498867478582
853XX,0.03296547070799928,0.05129672680344026,0.06510741235087347,0.8021092067308401,0.030353454549740273
370XX,0.01972285545964499,0.12164241865389377,0.019739931524978015,0.8122315855980465,0.02196302178052133
820XX,0.03449052073433045,0.04569556300335151,0.03450552748736932,0.8470111550197589,0.03094892701715772
657XX,0.00453997133734977,0.004058823731574624,0.00881874826013589,0.9580370552391819,0.01942461619886518
565XX,0.007193390499112293,0.010236955571504891,0.006308382215650616,0.918881435871976,0.025098619063294282
537XX,0.07439803895021128,0.07434815759657386,0.02562476395430868,0.7883035351627914,0.03389794275045784
383XX,0.0057439380610990725,0.1707580220501016,0.004965410703831642,0.8022663115274155,0.013667139708879809
609XX,0.017319671527949127,0.12539338294179014,0.016566454120835118,0.8168815933578345,0.02197316987649832
976XX,0.006374231509071022,0.04753894315995927,0.028552031079093276,0.7609323727982499,0.13797759589635272
603XX,0.04795270870796387,0.07743742378206321,0.02935553213038176,0.7844711767015977,0.06008040346416982
607XX,0.08434843640333775,0.046369804257973955,0.04295406691101926,0.8041643921079311,0.019730172346564767
525XX,0.01732084031323389,0.010539983809302437,0.01184646088984715,0.9450959018298695,0.013970488045333953
279XX,0.007857219373378604,0.2699585947360822,0.010744875574620297,0.6891997000563559,0.016869501227253884
712XX,0.007254663817992157,0.38146529433840715,0.006279495158139851,0.5922583428633907,0.009866933803778335
791XX,0.026962823050798206,0.06680953851183233,0.07447739779517262,0.7932874448339114,0.03143785982819055
678XX,0.012406080726891491,0.01740345972392102,0.09220106005009028,0.8494204671209739,0.02302405498281787
749XX,0.005410366226728433,0.017856830696617428,0.017341141508609388,0.6596975788829648,0.12382658858491391
164XX,0.004552797767660449,0.01694351902667522,0.0039962588215287816,0.9599987632467863,0.012630342194154796
142XX,0.039260323778050776,0.1943148441871939,0.03244071960979745,0.702200684112756,0.027924118451507798
935XX,0.03536386475176744,0.12704286677438917,0.16039540936432425,0.6224062795436484,0.041874296131406384
172XX,0.030638619534913966,0.029602295356454877,0.007160796872332989,0.9164600791670392,0.014085880794271362
511XX,0.02832857891366362,0.03305583047097863,0.06179193107061769,0.8248704663212435,0.03228736100599639
336XX,0.041534719969110394,0.20513834627997457,0.04059355233133391,0.6764166449921033,0.02907698536765869
762XX,0.0570885227736412,0.05273294924923913,0.030951338117538717,0.8211950031632657,0.032976576859869204
862XX,0.03205704182487464,0.19045824758702645,0.05533172951508652,0.7061534448276862,0.013680762876438364
538XX,0.004399664147774979,0.015398824517212426,0.003056255247691016,0.9672376154492024,0.00799328295549958
887XX,0.1528727421165425,0.1796611899173385,0.02316562914583121,0.6209477157533082,0.021209647242915942
157XX,0.011447589263940093,0.02365548207548523,0.006706451103874679,0.9418296059332367,0.01399388888091925
561XX,0.030911408540471638,0.0133293773763214,0.025384057493241907,0.912705215269994,0.012406320740203512
731XX,0.04847410649161196,0.1470867979576951,0.040151714077315825,0.6602246535375639,0.07219110138584975
130XX,0.014651436408079503,0.024120605494041995,0.005517721084995597,0.9346629799640374,0.01792951031150335
841XX,0.043483444300756215,0.02256880338979122,0.0885895905326933,0.7865136911335897,0.027233243532787686
141XX,0.009064593996334098,0.015580083935135568,0.003976402007231643,0.9478710724266068,0.016336301445326978
176XX,0.04177648656203826,0.07719340281937623,0.06340601413681562,0.783530010782317,0.031488359091090615
212XX,0.04204776508461633,0.43826441742706457,0.028362627147114895,0.4555911000055318,0.03206691051568536
516XX,0.0075935784738558046,0.011968139985968388,0.004044405926292766,0.9552226486731873,0.015145887499484131
729XX,0.026269189524777064,0.05953338412913421,0.07608434924935094,0.7971342702336607,0.029800203183203523
400XX,0.008962203324261408,0.04166864620166824,0.010865950414344955,0.9197236342905234,0.016556830753150856
770XX,0.07328745624199909,0.22255221686978557,0.09970379199382329,0.5800648830337525,0.019820123580171153
103XX,0.0745917675163932,0.09785585780434333,0.03436919356265791,0.7705246807381119,0.02009654046933218
556XX,0.002834467120181406,0.0041572184429327285,0.0063618039808516,0.9379566641471403,0.021919879062736205
335XX,0.027330513647622484,0.10347966218030977,0.03765067186834473,0.7959774714527169,0.03107170665140166
932XX,0.03548502117173532,0.03190289298407901,0.10220295173453423,0.7830661646865352,0.03307028863857558
981XX,0.14015259399743332,0.08223791126494862,0.022831019627684943,0.680445026733548,0.05804201193543739
737XX,0.00605880385087165,0.029550607738913874,0.04545032152548043,0.8410121547782775,0.04310857525183065
532XX,0.036220288472420134,0.3013688628423526,0.04522151386568376,0.5771249377872586,0.034167420115189404
211XX,0.06346235502751667,0.19578216453388173,0.0225728296797076,0.6879451165191618,0.027666536229591455
864XX,0.031107388004651106,0.03772145884647604,0.030819819707180455,0.8469678215242786,0.035996049061652144
365XX,0.012752802102768737,0.1391150394269138,0.007762812044615741,0.8068067604559631,0.018682500987375217
982XX,0.046485030104748026,0.021447777197371676,0.02564429659362714,0.8429208478816704,0.043277156132295935
987XX,0.003831860599554051,0.20054504913700552,0.11768106367164918,0.586852754149806,0.06477826410108184
948XX,0.14531847936286546,0.20221637492015307,0.12545783789168946,0.4656497049326356,0.05250851212208229
996XX,0.04015017806230614,0.009153760195503013,0.008532369742984554,0.7230843942226354,0.06357503159169947
445XX,0.008807891503313008,0.20080155257748533,0.009565806547926643,0.7527417002560834,0.025642792342761338
120XX,0.020341456296512475,0.027595081119085204,0.013130281363172068,0.9154053301142168,0.021654749744637384
281XX,0.01744845249464746,0.13099078186529037,0.02086483893220417,0.8119199555407888,0.014838112748202039
568XX,0.0016629711751662971,0.0024944567627494456,0.0,0.9670177383592018,0.025221729490022174
361XX,0.022439950917014964,0.575911725849902,0.010648751063699748,0.3741637321874368,0.01390214432466232
280XX,0.015934603618156937,0.12492537088098732,0.023624662539133107,0.8122475477043054,0.019966977901545835
760XX,0.04841524134979652,0.10021460684625844,0.03893558794222196,0.781748469406286,0.024043388798438533
208XX,0.15631148898426162,0.118945834959005,0.04082938727849931,0.6405099603382894,0.04023853164656448
886XX,0.0498599182473706,0.08039314747623202,0.06006521838974877,0.7861847241996969,0.021182198135305193
871XX,0.02286377956888674,0.030511955405603638,0.1388178232239154,0.7266924432039168,0.04029860588679408
850XX,0.03552606789881582,0.06645252935374132,0.09158883057101452,0.7553999350997751,0.028955815554420557
403XX,0.005512088645581851,0.032141290334735576,0.011772400261608895,0.9331928396676598,0.015610407297057977
744XX,0.012479818146920127,0.05337794353973708,0.009548039396482619,0.6796796495414156,0.10016220752778415
440XX,0.012953249613373222,0.052921940916525356,0.00838387223557679,0.9003187652883194,0.023479295843803896
382XX,0.01348314606741573,0.062351081248941335,0.0032860933882897635,0.8996442888600304,0.01882445937552933
475XX,0.004166618971852429,0.015155504172342349,0.010439440940465426,0.9592381039594327,0.008527832785796866
786XX,0.03296974185038249,0.06285058271563698,0.04710523694486563,0.8266210944771054,0.0255815334028923
431XX,0.011587974598545747,0.06040759357673196,0.008268902403929168,0.8960799455134969,0.022118354661090113
414XX,0.004874118831822759,0.016837865055387716,0.002054380664652568,0.966404833836858,0.0074924471299093656
583XX,0.0032010127497965456,0.0034542001989329957,0.002676553033728185,0.6777104620670946,0.0193326702233475
631XX,0.02956513887112188,0.3409982897089065,0.0063026000509539895,0.5974656302438804,0.02372692961362041
229XX,0.03309952887816797,0.11757748919776578,0.010421667701026944,0.8100680335835314,0.02556626346132078
680XX,0.012109206671588294,0.020059527189762127,0.05070166589279093,0.8521808263656679,0.0483900600950698
205XX,0.021750595076896764,0.013412391852791517,0.01790219358884819,0.9333086275460026,0.012428911472512436
772XX,0.05940933862731291,0.10492493949596739,0.06829707036219577,0.7508476481831038,0.015284294987484985
206XX,0.032341606289502084,0.25295324376563777,0.009623981691193037,0.667173400054547,0.03297719699754539
710XX,0.021432762481568002,0.36756978888080677,0.11599359192705873,0.45168783279236835,0.03645964957773964
177XX,0.026674634886845457,0.029693252604212107,0.004466856275409607,0.9216860637573938,0.016209802655685644
456XX,0.003179659297796747,0.0255683356079104,0.0028804978047244725,0.9452135585686975,0.021021080913211827
594XX,0.007277508523552525,0.009096885654440657,0.0050300426559848335,0.8438316999709511,0.028207989970492457
132XX,0.046188057293596985,0.19936776472127143,0.01898885957836447,0.6858662713379406,0.04114325579367329
222XX,0.09744891023607775,0.08323893243916806,0.06212787167520051,0.7179255969912547,0.032896823598713126
406XX,0.009643801524342821,0.06867918207162257,0.011785539083719205,0.8821326441485098,0.02437273412541728
520XX,0.009613421791273283,0.011118907884664455,0.001664965552436846,0.9524177085991324,0.022869354427149782
411XX,0.0037656088816430174,0.014831593602793187,0.0016375348968064463,0.9632817064989215,0.013792804945788217
670XX,0.011337544518486014,0.07377057544926678,0.04901030345704965,0.8243854152847653,0.03440381795978624
917XX,0.2218857126696604,0.04018974492609584,0.1915488462385336,0.5003747224932479,0.03779899521850059
750XX,0.10403825726491965,0.11001379767381056,0.06366733368366827,0.6827678358016414,0.034375536612157656
921XX,0.16388090478512476,0.07397405977366606,0.06736184521795456,0.6371121591278774,0.04790196591296888
337XX,0.033287346322964734,0.12249580340213262,0.010437465594693598,0.8056706741061417,0.024610073194103695
633XX,0.020072464871283512,0.0399755659415105,0.005729824775069649,0.911352322377335,0.01958150014462527
499XX,0.015405544525332745,0.032894575581537855,0.0019486726965218032,0.9181925141554526,0.016055102090840014
356XX,0.005125256842913971,0.11880128801726293,0.015169522768463686,0.8296754433682322,0.02041337207353764
147XX,0.008248123007041575,0.018027243646613303,0.007898325534708527,0.9367525613793173,0.017058963686966747
355XX,0.002995461617420159,0.053898941904829537,0.0032149566497311185,0.9197487427453664,0.017139979728988192
667XX,0.006310186644255349,0.01792905417235704,0.015996078019399798,0.9195503729383339,0.029309801449732116
608XX,0.016841489585886864,0.1747842130388223,0.19820575345882738,0.5870652543211151,0.01915525909487745
465XX,0.013508039226572734,0.03535450120603821,0.02953097143139154,0.8977139766770923,0.0215009983487661
326XX,0.03818075801749271,0.16294395853579527,0.007758989310009718,0.7614978943958536,0.02606025267249757
748XX,0.008832818370892783,0.027837928053613153,0.006748718299853642,0.775298064825355,0.08058234976933677
666XX,0.01213848491691027,0.08696501260229832,0.029317889160802885,0.8075235415814817,0.05474828968808549
743XX,0.022643370804018795,0.012129079155741322,0.00825047379215452,0.7490173680521302,0.10159142241491212
919XX,0.10857225245238082,0.05671759217231724,0.07639003846557767,0.6940607083291058,0.051712261103130826
458XX,0.007981190100395398,0.03955611240379452,0.008331028198577867,0.9230220587836482,0.018831594990535386
957XX,0.14489650249821556,0.05609200975044779,0.04495441261632527,0.6570805219991112,0.0861567882779147
509XX,0.0,0.0005788712011577424,0.0,0.9875542691751086,0.011577424023154847
918XX,0.4336384892799112,0.018576863630959457,0.1692228431022867,0.33496809733285776,0.039789164982364365
407XX,0.011553392972510491,0.007618836977841931,0.0021011460267386837,0.963779967522452,0.01239152324356415
641XX,0.024996761700449288,0.2193398526246236,0.03853067069913796,0.6796135580688965,0.03183575926844994
255XX,0.005754163324145169,0.013993353157250307,0.005368139788772747,0.9609452751322433,0.012503543575422363
290XX,0.026429067858460262,0.24111497926868075,0.06948435295961548,0.6326574875762484,0.024931410125496118
542XX,0.01661559200884075,0.004929814798849449,0.006607049086534316,0.953539042722449,0.011450650907979403
462XX,0.023352282773512218,0.2668495528753677,0.0450575180698361,0.6336685651826808,0.02822912927233078
847XX,0.006241910838502461,0.005263636324285016,0.01796821906423281,0.929382431748038,0.019496231911660944
215XX,0.036109716850217015,0.0626014939915557,0.03216067790604978,0.8007396143966459,0.066413977383448
329XX,0.01967249567192389,0.09553374311081463,0.013208176490208225,0.8426851543018694,0.02578262734073474
481XX,0.042579263040048526,0.09556152786426154,0.009508015834863154,0.8222514026501134,0.026772791652820302
100XX,0.11281796502384737,0.15036702603338634,0.11987281399046106,0.5724985095389508,0.03997664944356121
592XX,0.002125003320317688,0.0019390655297898904,0.007278136372088081,0.7637261933221771,0.03543443036629745
771XX,0.019951400434838215,0.10942575776953575,0.03412201048727459,0.7659888306262523,0.06776655156243339
644XX,0.009137122096606937,0.02097187071697402,0.0020014648402091385,0.9505725204678787,0.013524391039818997
615XX,0.013922600438843472,0.013068214916794501,0.0046457212761412845,0.9529990873609197,0.013709004058331229
637XX,0.012834821428571428,0.036631058673469385,0.01363201530612245,0.9139279735331632,0.02013412786989796
751XX,0.014004215597711533,0.23400662451068954,0.047871123155676,0.669681421258657,0.027117133393556158
293XX,0.0165399852821097,0.22164285930301716,0.015695722739140515,0.7260607465801067,0.01787820441738324
861XX,0.02288277136728586,0.33516180722176536,0.07777090098262808,0.5430228319019237,0.019669518181586958
852XX,0.048339330718656655,0.03516575997114604,0.036407656786275444,0.8286137630560638,0.0292926495951685
539XX,0.005310791749700076,0.021955957573901827,0.00981341953748927,0.9404117118519002,0.013583178142427604
890XX,0.07574451476674772,0.11123918256406225,0.07776760693888324,0.6899081255019122,0.03555503765394313
576XX,0.0051362533885004995,0.004080467969753174,0.0037380510771864747,0.6997859894421458,0.013525467256384649
632XX,0.03320659062103929,0.1712837226145211,0.13145029875067898,0.6107550244432374,0.051457541191381496
855XX,0.07046361682529935,0.014152667514657076,0.027866719300554118,0.7806263432606694,0.023129669429945758
893XX,0.006048222313036371,0.03171230077646097,0.008091540662035145,0.843400081732734,0.019942787086228035
166XX,0.006453171038013814,0.030464183934695455,0.0021639375935854706,0.9478384775153359,0.012288074192146066
719XX,0.006060425717629788,0.06937749211450336,0.030758396318117796,0.8061407685135591,0.08161241048225515
327XX,0.02798740791065574,0.11008387245511059,0.026922425629757482,0.805772326374225,0.025826840409752954
178XX,0.008948545861297539,0.03185296179239541,0.006488954925687615,0.9395469483863657,0.010959030602180054
498XX,0.004646854417326421,0.014841275121416983,0.00142271533922549,0.9342019744013592,0.025537228570989914
972XX,0.0775951667612397,0.049995568687076795,0.03191005700855301,0.7828633647822268,0.04472518378438728
656XX,0.0022126360385238803,0.0080615421558622,0.01183931802783805,0.949036474190201,0.023923055152954897
674XX,0.010028605824985366,0.023028241349223003,0.03070984415899979,0.9102892612186744,0.021675263140455706
933XX,0.04799105478941484,0.06440178904211703,0.1316772269847186,0.7030618710398807,0.03810659709280656
735XX,0.01501967229004842,0.11612158488604171,0.05002885856658839,0.7008269851829986,0.07167058056386555
521XX,0.007182963225251656,0.00878479774731482,0.0022931525789535805,0.9657207412278483,0.01397811388200381
452XX,0.02183771303245538,0.2605308959938832,0.007747892311716534,0.6843736795508963,0.023361888569186504
936XX,0.04116161912308947,0.019733921268707353,0.15613570986997627,0.7368397245058143,0.03314508008999968
591XX,0.00856809719035619,0.007334411554519126,0.015052469251890022,0.8977695866400872,0.02362056644224621
257XX,0.011588999479504147,0.049914489967176894,0.010080623745233214,0.8935426647263148,0.032493812472780194
584XX,0.002617703152462511,0.0044687932388467145,0.004431397479525822,0.964866684118021,0.015481844358849707
248XX,0.0453918533729733,0.03805130719955865,0.005317681674686609,0.894565850369326,0.015692524596193337
309XX,0.027161665282884592,0.45126616059779384,0.00654825445775511,0.4856729134543154,0.02498220851619025
747XX,0.03665069852000857,0.04489053870028964,0.01917560122491584,0.7610100716838445,0.05417418413830765
777XX,0.022292010720957305,0.34674716409020767,0.06661071554268078,0.5462111162249235,0.015068901101876168
807XX,0.019189965638319845,0.056261774664989266,0.026368990617821757,0.8711781236895306,0.023702674452810584
358XX,0.02297342895298384,0.28350370930105456,0.011686318120684165,0.6495672878141975,0.02815837123426339
446XX,0.005148169912693083,0.02077107118871726,0.0022771155137676293,0.9529738918737408,0.015564137004701141
907XX,0.16429377068579776,0.09325018952351016,0.1489824282430092,0.5180031926236833,0.06008203440391004
547XX,0.01874898926122307,0.00783473087682234,0.004390477206335224,0.9464368662452818,0.01816061026256843
998XX,0.054566273147234175,0.011114620760453272,0.01277293007462392,0.685928060962609,0.09142417183243179
428XX,0.004761318392644584,0.004145630669457784,0.0029553010712966383,0.9658088084390264,0.02105652013298855
438XX,0.004287394749876177,0.012196631996037642,0.0011608469539375929,0.9675272412085191,0.012939574046557703
108XX,0.03421923896775364,0.10143884076375345,0.049248265227447956,0.7832951607782666,0.02847067894235566
461XX,0.01295154266482983,0.02319590964986085,0.007716560185656037,0.9403274868940522,0.01334356537256026
278XX,0.008296884384321933,0.3776554771581965,0.030004874648334883,0.5556001058114792,0.02171797247903319
908XX,0.13026818319748035,0.12821940168883214,0.12138454938316819,0.5372997520116356,0.06290742814092436
655XX,0.010413219137720878,0.03152218661457366,0.003285410999265424,0.9140707614565591,0.029818939143210016
745XX,0.037724784988272086,0.05308346364347146,0.0845484753713839,0.7133356137607506,0.06122947615324472
810XX,0.015015801842197671,0.13264363469382243,0.13136057913076363,0.6669484886956052,0.03698171308176441
720XX,0.014072128413591829,0.15708818011257036,0.07552220137585991,0.7251065249114029,0.02496060037523452
664XX,0.013807706944837479,0.07770372466554124,0.01098761697518516,0.8246079684618312,0.05401106568174943
764XX,0.06239178137668552,0.025497237454904603,0.03567547016988516,0.8552360250757272,0.01697611855182303
769XX,0.008048440867359615,0.04679420142479937,0.10881284052762644,0.8136320828301854,0.019424880255608776
983XX,0.03600914875908486,0.03894514021325259,0.018996126850559347,0.824520771484183,0.05867133279594204
241XX,0.007839482245750347,0.10369892903961987,0.007578166170892003,0.8649736288527788,0.01451610795838106
822XX,0.014984310545428904,0.009166872333674154,0.023974896872686245,0.9280576807812996,0.020801748757183654
351XX,0.0059719971596598875,0.13489187893353727,0.01097293787059459,0.8317310901929368,0.01232331324460305
307XX,0.010546861385103343,0.036090295446888104,0.021014720063202166,0.9117470054488632,0.01735968305972837
544XX,0.027011261213194755,0.00585469264642067,0.004225622639093412,0.9413890489503525,0.014265626148589207
385XX,0.006489544838091685,0.012808107656497123,0.0030971061293168104,0.9602078208730187,0.014968698632532439
888XX,0.043375141556804345,0.053054421914061664,0.030747206256276575,0.8456443238392342,0.02587551548043845
622XX,0.01011093289202029,0.1837821533168792,0.011350087739500303,0.7710070375027769,0.021956274953786454
840XX,0.02348320733306807,0.020042884300809055,0.02623752892111352,0.8911608234964705,0.025216263613186553
602XX,0.05406581564986737,0.1039939765694076,0.02043959991158267,0.7005208333333334,0.11979857427055703
219XX,0.017619805316360912,0.05810869836515662,0.007292836640459254,0.8994680519156371,0.015123861225508548
706XX,0.02349935588460926,0.22449954405315037,0.07465948731309797,0.6539049797115714,0.019214902948456295
759XX,0.008912635312116085,0.18046251439079608,0.021619032165843783,0.7707092247900296,0.013907883451936673
496XX,0.00490047436313003,0.010898850166079376,0.0027848357156051878,0.9520025373722165,0.01691116757461373
669XX,0.00319721785954678,0.005683942861416498,0.013592850198190114,0.9620447236556727,0.014527709221449405
453XX,0.014243658222715814,0.037021367446032946,0.0037430735511014743,0.9231171517384432,0.02019810280426918
989XX,0.012085752444484427,0.008044481658581818,0.12956632458877992,0.780245521040212,0.033862942792490434
405XX,0.03438700584968435,0.14178244837283532,0.028939527520544683,0.7635929546375962,0.027498021146383684
559XX,0.03223073734656892,0.02908420896579058,0.007143224525978525,0.9116975218063493,0.0177234262063457
581XX,0.029079278267451228,0.028314248276647868,0.006592279707986425,0.8984707538800856,0.024578623108788892
194XX,0.07110681260448982,0.07601486155813818,0.011028135839855964,0.8219290781641149,0.018599849552268254
494XX,0.01773311607908474,0.051423242362482774,0.019350298026025104,0.8797103043829823,0.026535056697421067
285XX,0.01529613765600768,0.19544531423085446,0.02886049774758142,0.7255095635477439,0.02837862787091057
882XX,0.11542069442688825,0.030051027536241524,0.056745680622176685,0.7665772964054527,0.022676317767828035
502XX,0.02464196776136578,0.015795672147654025,0.010388104249638147,0.9298229841863476,0.017494808195409637
654XX,0.021463097522359576,0.045180501819173144,0.01312740503077391,0.8818848101663993,0.025845889297809652
450XX,0.03102921181309169,0.05895904941263903,0.00773238972730574,0.881377574718565,0.01892560657371359
109XX,0.047788686036995175,0.10526548876362696,0.07048286466397169,0.7497670529631217,0.02404580287897737
170XX,0.025124638822459886,0.02945153127696165,0.023678481056636114,0.8979915923080041,0.02256237731544479
294XX,0.015376480319989947,0.28209323267331915,0.012884412007999748,0.6620891490319676,0.022982262337308774
118XX,0.14933584524443352,0.012969106223805819,0.01931714242808972,0.8010266071452949,0.015754051139233595
916XX,0.07256301573494962,0.06088261147698666,0.16169858298011386,0.660923110908614,0.03676243861804894
270XX,0.012647287773893843,0.06219458413125002,0.02022737295735795,0.8877253528838953,0.013209652547364434
658XX,0.01980595696064693,0.036443317832501765,0.007925953033372903,0.8992074046966627,0.029811580103001688
421XX,0.016106301590497283,0.06250050332192471,0.017431044896315685,0.8811878397422992,0.01903764847996779
493XX,0.010342501897771495,0.01535995575158806,0.007545934536054837,0.9418308344832841,0.018932563501268474
975XX,0.00890344973898285,0.006051563494464906,0.014266387042698302,0.9212288151803818,0.036698906892869934
110XX,0.12327866047029001,0.14388927809359808,0.1073260210384457,0.5887609564096667,0.033691461086362444
668XX,0.01365261856221383,0.013853146619431168,0.01679422479195214,0.9241669730289763,0.026118779452558402
662XX,0.041008666231937475,0.04543865120542844,0.03125797397295228,0.849786888189542,0.028628334892688043
137XX,0.016322596295019597,0.02021652814482873,0.009568858758793264,0.9319966295147267,0.019584562156089214
746XX,0.015404188686631435,0.017478958700332746,0.013456645136034449,0.8531023683695439,0.04924642787238207
711XX,0.019778916902046938,0.4987155792679383,0.02539084748520882,0.4354058420801804,0.01665678650718927
736XX,0.005243479436010631,0.028514797963872247,0.10695977296274607,0.7968376953916844,0.050605883147889545
672XX,0.047796354609825925,0.11019802628229836,0.029773029736667952,0.7600679722971679,0.042800245320844275
341XX,0.012871261579748664,0.0622119577839135,0.035829484168967564,0.8723453668103115,0.013503470699042655
974XX,0.019079790165248446,0.007809760321765703,0.01853945852328436,0.8973817174673833,0.040939962355702825
114XX,0.17939557289418726,0.4059442933469729,0.14882764538318133,0.2098733143255434,0.05071420933219785
514XX,0.003094179075614001,0.010970271268086005,0.015822506636662508,0.9533763471106345,0.014486383854011006
994XX,0.007672053749773016,0.005583802433266751,0.008897766479026693,0.937670237879063,0.02560377701107681
312XX,0.016751874471821488,0.5027240525751138,0.004105557786475034,0.45928305573369615,0.01624242569539758
140XX,0.012521206715329122,0.026124880379558183,0.00931190511941874,0.927983451478363,0.01470855193712279
724XX,0.005541018245685985,0.06757991681785964,0.00691847169533761,0.8994681870662025,0.016382334716730486
563XX,0.012419072700631927,0.02575472976898201,0.008371900879791897,0.9316983275562699,0.014139282094976214
611XX,0.037288214233240795,0.1800407783457189,0.05355831019896843,0.693213833705803,0.03292683869870164
193XX,0.03722013900548684,0.061748202318692776,0.009926890493276703,0.8715204580174825,0.018657745109622804
613XX,0.005810338256631074,0.013051530813514218,0.013579743382298861,0.9510968768596091,0.014107955951083504
390XX,0.009186091265545693,0.36132460128454935,0.008813235187991628,0.6046913713887084,0.00907182891919848
183XX,0.018397939746254352,0.07331174746905084,0.03847594858830814,0.8429884722019554,0.023166023166023165
930XX,0.06298076371931996,0.019170363746833122,0.09286549506482787,0.7733159656544119,0.04136000962960416
692XX,0.002317497103128621,0.08133103041168369,0.03583375237762085,0.7991866896958831,0.0748813922473163
634XX,0.020389314433144935,0.04968326791217837,0.007428898414833703,0.8849323869853731,0.03253656724658923
831XX,0.011719999247512087,0.07378143988562184,0.018059709915909477,0.8642511804654138,0.026243015971555955
707XX,0.02857437685304106,0.2101590413662337,0.009642723548846576,0.7327364291518715,0.01660619618234385
479XX,0.04087113042632202,0.027645255971589344,0.009447516499910812,0.9026059318598277,0.017691796260560753
701XX,0.038889367368706976,0.4772030130978329,0.0329035848444094,0.43031880006095097,0.017516778078852
311XX,0.021864801864801865,0.013706293706293707,0.0,0.9593006993006993,0.004382284382284382
303XX,0.047333878020093555,0.4205630225526256,0.027984529299858042,0.48130257948087163,0.019494997560880717
945XX,0.22478316321632305,0.07789355017509514,0.07382029994243856,0.5503180386613148,0.06021335706906903
971XX,0.03284132634155653,0.013516624184511043,0.06784418967627474,0.8313187059972826,0.04258508595618536
489XX,0.042471090070764606,0.18860492639988166,0.03114135660921666,0.659978548709224,0.07191113741154424
412XX,0.0053475935828877,0.012773685803652507,0.0022802946221370194,0.9706185046917566,0.008475431338916355
486XX,0.011381742589009985,0.09141923312625419,0.009608151788611049,0.8621597913988056,0.02083849028490405
913XX,0.10993098844446089,0.03642233050820317,0.12621990752437323,0.6766968395027638,0.04500233786696861
653XX,0.004323614439337217,0.031928229705874826,0.030145911327528717,0.8957471666254487,0.03231198246676275
296XX,0.014540276689357038,0.16807982093558085,0.012574460783560493,0.7839620563725114,0.018088784400497857
562XX,0.008096574097924688,0.017035526068462346,0.018191184968080143,0.9287807798609032,0.012823636705397485
910XX,0.24498887186349486,0.05690256467145997,0.09011710543649336,0.561395419783816,0.0414514418043528
233XX,0.025776022131116898,0.23434248401849245,0.010074891898964473,0.7016099889095191,0.02506884820994654
345XX,0.010277340676632572,0.00481904012588513,0.0011309992132179387,0.9760523210070811,0.006392604248623131
367XX,0.0018431472842238938,0.6255059836145088,0.002874957007928179,0.3616184420555061,0.006164401682643549
906XX,0.1392064868310523,0.022823835106569754,0.22602484421719649,0.5685754955743368,0.0340183184910879
359XX,0.004977453864397463,0.07112296380742987,0.024866911637470353,0.8739316456812869,0.017867261111054564
967XX,0.3219694718744941,0.018877725615716105,0.0122774375062755,0.26972146005503994,0.26507093106889423
513XX,0.00363597703593451,0.004039974484371677,0.007208165001063151,0.9647459068679566,0.015840952583457368
437XX,0.0028038686157770536,0.026721952277433247,0.0018847367306788667,0.9422754194184684,0.02458935975751442
318XX,0.012956033147547286,0.3072253060947622,0.019807129209862866,0.6365527455258725,0.019818434648909592
813XX,0.005964244504053588,0.0038962401282762135,0.022328453042813685,0.8758298242196281,0.023122686607423837
338XX,0.015986870014534783,0.13670623743854013,0.02070893576182429,0.8027859492464863,0.020091381360706016
123XX,0.038100712558159715,0.08819669641985618,0.02796004468401245,0.8127175905339306,0.03022135939177684
439XX,0.002698918745677513,0.042676652666025675,0.0013607048676124128,0.9318691699138033,0.020523027961922756
369XX,0.0006220194899440182,0.5475844909807174,0.0,0.4461434791623471,0.005598175409496164
895XX,0.055949991195633035,0.025979926043317485,0.046409579151259026,0.8161155132945941,0.03658742736397253
691XX,0.005571803146430012,0.006429003630496167,0.009315752319483664,0.9580602057281161,0.01675322710770472
484XX,0.008617617725260984,0.03514309631194638,0.004065272075924439,0.9301355160976762,0.01850668724605228
271XX,0.017995634687921827,0.28683015188371197,0.03274678066909338,0.6417008754914446,0.018595951849705566
236XX,0.032244512559473186,0.3333578057987507,0.012495232967673912,0.5845370727260492,0.03292974159115891
115XX,0.05987137516488173,0.16312116842198787,0.09000047841330809,0.644067333255876,0.039921540217473024
495XX,0.027287371809965193,0.13214035104079003,0.028084661955971868,0.7696787293712831,0.037512268243840234
828XX,0.00881127843639859,0.006167894905479013,0.01727544590409057,0.9373064188828367,0.0183167788102104
201XX,0.1390024854573716,0.08496005948329405,0.03187408781066838,0.6954239122400777,0.04482869318777283
969XX,0.0017014438641680648,0.048963773424392086,0.05988137155280384,0.818158187017038,0.06647446652645508
857XX,0.027786994121160112,0.03678801872860949,0.08762024516348169,0.7836728634235385,0.03566443712385603
638XX,0.008157151909672216,0.12043320467768881,0.010063943775563109,0.8378996485972694,0.020064519845613228
573XX,0.011493214486469124,0.0059824941781096925,0.00504898418051875,0.8963502770416767,0.01401268770577371
301XX,0.015758689312572925,0.19965709145168492,0.02791069771764983,0.735058332627931,0.01815954708187481
756XX,0.008074086757316865,0.1895388176112512,0.02169228135018805,0.7603044240681589,0.015386522917417001
152XX,0.03752693433834125,0.15408739567590657,0.004732603188593088,0.7793073988661218,0.02240991021436624
196XX,0.01738289984276049,0.06284892024061972,0.08721022489577474,0.7794247053562413,0.04638204872982213
379XX,0.021429626458578984,0.0997754395451712,0.009287840439407481,0.845734227569615,0.020460787038080144
266XX,0.009470590369752167,0.013861170579484015,0.001161145179433216,0.9569106281069705,0.013643455858340288
320XX,0.017418722930692812,0.10967970765961739,0.009356909730470236,0.8358188556943572,0.023913729650226315
645XX,0.018700156293832405,0.08540556245741995,0.03461006692582054,0.8223860858413818,0.03451488798942011
306XX,0.0322798087402433,0.17637769812121099,0.015474233060555091,0.7536008198046664,0.021116689870666575
325XX,0.026441175007243557,0.13598276765305853,0.013869580868817002,0.7740493381292016,0.041730200214819
992XX,0.026265346761600503,0.02177843359167944,0.009681532312364799,0.8836038565677693,0.03983496411329026
979XX,0.016550394904992355,0.05172522154484319,0.06312194917562274,0.8175057088387488,0.04388997129868225
937XX,0.12640030745740002,0.0722940372999839,0.21442903118026593,0.5276599133371765,0.04735294066730028
127XX,0.015815232779193465,0.0826659385996845,0.043249201148727906,0.8208247380981273,0.03479553452250941
816XX,0.0065132407328055055,0.009512759491334358,0.04946898629450659,0.9053932006513241,0.019190327705664804
104XX,0.035298525676061225,0.3281689027303696,0.3621068841887437,0.2323340655109947,0.03602451592056732
889XX,0.0,0.0,0.0,0.0,0.0
924XX,0.03901867118161235,0.1378267792715619,0.21109722586150134,0.5499936172642923,0.05065204684256142
342XX,0.015297323355099495,0.06773718713828687,0.019987832260492742,0.87766781555563,0.016150611867155096
739XX,0.013844263144646637,0.02524542102847328,0.20809334142766187,0.7233664509824245,0.02657802389801146
470XX,0.005018767302433805,0.005664158698347459,0.004492263795241088,0.9740060123303724,0.008356120178671513
468XX,0.034085246655678636,0.13395811772522265,0.02580589520487562,0.7681014987159339,0.03409163504414377
477XX,0.00985751316020588,0.08803099900466795,0.008777019007116358,0.8655183976750747,0.024686363950882757
295XX,0.008744767873315035,0.3062149873719257,0.014991691853387825,0.6482236611695587,0.01600533202501238
112XX,0.11121436294094623,0.33810651300314276,0.08702127082421053,0.4375589510681914,0.022317895936106148
363XX,0.010259464908297962,0.2167358823014858,0.009405550857871214,0.7375151517676021,0.022122622057641282
138XX,0.020221895084557108,0.015259775232487165,0.005737675487415174,0.9402678539370221,0.016099960504111163
765XX,0.059196895101369044,0.15820104786777905,0.04419260740112101,0.682422559517363,0.04352326454666669
113XX,0.31070321995309585,0.046007155451324104,0.11254600544362087,0.49963110053580295,0.027012684663710908
901XX,0.005755171877430394,0.11463680199097838,0.06299580027998133,0.7354176388240784,0.07886140923938405
354XX,0.013150313804311016,0.3542404264396075,0.00517656165474049,0.6163978695612017,0.008826983212458932
260XX,0.006533700137551582,0.030859697386519946,0.005536451169188446,0.9414924346629986,0.012757909215955984
299XX,0.010170162612106591,0.25490322461833115,0.04390803115964715,0.6684775602659251,0.019972007881991122
424XX,0.005907888017085287,0.06340823622266586,0.006552068341148614,0.8935013231812062,0.02812920748409861
221XX,0.13472508424820953,0.1470005167086278,0.04146020623055909,0.6262755600936252,0.04671992951353221
643XX,0.019015793451883676,0.005609261248358993,0.0035405975255599314,0.9567171897998966,0.013963480128893663
582XX,0.015095845163205848,0.017935014566980274,0.009324723041808161,0.9141383213642859,0.021089647237840747
725XX,0.005535882725881025,0.04263248233311169,0.0518434901833439,0.8616338585721134,0.03431834933791049
188XX,0.037216513527481156,0.0060002818924379,0.004443161759277282,0.9389165933970053,0.012571060385387233
500XX,0.030850244562389426,0.013895306483505048,0.004146113019044646,0.9313060672286398,0.017849932355083777
726XX,0.004995800631353355,0.003431897825016653,0.005661907382200469,0.9594905731414174,0.018346896811375944
881XX,0.19363382477799554,0.060602015261305806,0.08031676020312808,0.6348874091557155,0.024472555814835185
316XX,0.010773620080544655,0.3086085962364429,0.024874084602787134,0.6317193502868502,0.02242787545447991
754XX,0.00732652675363963,0.0786643137749207,0.039203483120102516,0.836313837944581,0.03321883994033739
884XX,0.09259064191964944,0.04616891735310848,0.022531442897170666,0.810120715444414,0.02495417869256536
202XX,0.044490298291340866,0.05308789458441934,0.009466406023747466,0.8743664929047206,0.017883000289603244
877XX,0.008265070878501006,0.012311767302692893,0.20456663560111835,0.7293618482366214,0.028743807328199342
334XX,0.02377424266545836,0.17512276963395668,0.021627049732417306,0.7567147403842359,0.01992412707354476
522XX,0.04569313476962876,0.04028248554946673,0.01515790203087015,0.8780727232831149,0.01716163231837946
195XX,0.01110024157000539,0.01866278025115295,0.0112879075246062,0.9452015412565633,0.012956936652758091
575XX,0.011388015399535663,0.004584594586651777,0.0027772063361448263,0.7128162929438387,0.050650953654450874
636XX,0.022726626276417215,0.04713143897374634,0.008282845521517763,0.8848934778280285,0.029672611428733967
478XX,0.011220862952554141,0.044898950239709044,0.005584600760456274,0.9152080922466523,0.020432096214250288
483XX,0.06081852291181966,0.091563787055751,0.006174303939886065,0.8149999745452509,0.023874518268873424
758XX,0.003984781111041523,0.19605279639255965,0.022663931859460137,0.759010772217699,0.014052420617523643
251XX,0.002183258985727955,0.021050929232759665,0.0008086144391585019,0.9545423916119729,0.01955499252031644
961XX,0.016786353600011145,0.041652445862268316,0.06287569043456456,0.7646985073379351,0.09541753442595546
796XX,0.02493442086593157,0.09180504772783368,0.05014436019447011,0.8024704822147093,0.02577819615766544
934XX,0.037858037369132895,0.023471422130942242,0.0938977107649151,0.7954095075890397,0.037633622201071984
741XX,0.0329208479380216,0.13078692441310374,0.04522294707944191,0.6863254569809547,0.06526406449595969
216XX,0.06162281760752275,0.12733714095061657,0.011712593672214198,0.7791991711627866,0.017836682192730994
554XX,0.06783768857977031,0.134719661512606,0.027490655065817524,0.7218009040192517,0.03912234400231203
904XX,0.09569332097068133,0.0389103814304441,0.019023563641014162,0.7982436508190257,0.04491053063486481
564XX,0.004018181818181818,0.00736969696969697,0.0014424242424242424,0.9600242424242424,0.012575757575757575
139XX,0.049948817877976885,0.08735493259992846,0.011124403389119792,0.816989997903383,0.030943601001442965
448XX,0.0042729459274876026,0.02704813374112896,0.008441963357781275,0.9383258603794875,0.019589037028238856
135XX,0.07628204281620202,0.12663928472378136,0.027469987717745878,0.7255246371452344,0.04178607747064805
179XX,0.006407462999725625,0.03120612017624558,0.007973014412756822,0.9398715279458997,0.013137720105230878
401XX,0.010577949620567274,0.06703984764982543,0.007069278933548778,0.8810399053582249,0.030377701474449605
432XX,0.03487695807268779,0.27434213927518997,0.01952644367471437,0.6319547122990229,0.036673473608023574
782XX,0.02512460806776326,0.06920901918471174,0.09226446725185218,0.7730463652159671,0.032263440745497356
451XX,0.008781157639459811,0.014435869555608596,0.004411205700091053,0.9553074436517829,0.015255051375665586
546XX,0.021353263045509142,0.010990437922240939,0.007351005082220884,0.9360339920863076,0.01631793277329111
601XX,0.07708237102477614,0.06799817824477507,0.07283850942124337,0.7586141980460123,0.02079880343804544
154XX,0.031450646979127805,0.03431247422882837,0.004113569871782285,0.9044061340297277,0.02355239647352196
834XX,0.006204229705400612,0.013464306502483947,0.03493770953375778,0.9159654007029956,0.02474472414866688
952XX,0.14652739934568149,0.07607277014880219,0.11455228439390208,0.5671452203137394,0.08063787329026803
660XX,0.027972105152789407,0.10330017548589727,0.04464563043269178,0.7754237755798682,0.04011263892633534
368XX,0.02038030229156509,0.30003315455875185,0.010274012676743053,0.650305216967333,0.015812774256460264
277XX,0.040261765793578055,0.3313716977794929,0.04123293618252858,0.5574099979097326,0.026060810702169056
802XX,0.03437034169693408,0.08095093083937571,0.06349186619777707,0.7768657849387712,0.03321173099989435
879XX,0.007312277252058498,0.0015976404080127811,0.03490229814427922,0.923128917291385,0.015054688460120437
588XX,0.00594331451781501,0.009168831944568885,0.01197622674192874,0.9171519875757848,0.019502434071021115
239XX,0.005288167490002353,0.35188896730181135,0.010341096212655845,0.6154128440366973,0.015902140672782873
623XX,0.006749329792049021,0.029349885853265492,0.021183047593468517,0.9241757312602894,0.016900679906693125
787XX,0.06379465741078107,0.07206358946823403,0.06500086294513586,0.7640947705524767,0.029565459182695073
832XX,0.009567141388014585,0.01836558737677501,0.026909532861728317,0.8895883324503724,0.024608640551798643
740XX,0.022881435736048627,0.024635704456601973,0.012539603945357946,0.7929917344325738,0.07095751176347294
652XX,0.029513161935069646,0.07161949027161321,0.006978756664712615,0.857176255478324,0.030744912486391423
980XX,0.1588991597237565,0.042109314308928024,0.026615874735409197,0.7044151919664174,0.05375344769832729
797XX,0.012705894651312524,0.05053372835329419,0.06720962112770755,0.838163774895642,0.0242927772643363
447XX,0.010394383451915375,0.09535880883946661,0.0026999010507468314,0.8516515101540781,0.03812844555435141
143XX,0.014408695453611307,0.14412120658552738,0.0038933162834242914,0.801977484986185,0.02570045441052223
324XX,0.012797400745890884,0.1136037273882455,0.010568509354628759,0.825567941155201,0.03020754775457917
665XX,0.026979498587146034,0.031390909637467684,0.00559129441471773,0.8920519449287561,0.03229273131726087
199XX,0.014971189828202076,0.18133132760673584,0.018657509780574927,0.749976080115666,0.0293815912570165
730XX,0.07097142029535387,0.1025436253316076,0.04228666195454949,0.6966202288538642,0.05131414012530968
865XX,0.005242089210827297,0.0053056296861100525,0.0029546321006481127,0.035471470326598045,0.01610751048417842
776XX,0.02254935187391154,0.11237764795495499,0.01799250368272525,0.8275712804474973,0.01621070221768849
808XX,0.024170497283744253,0.09833681571249478,0.017089845382365233,0.8251901379022148,0.030529043042206435
423XX,0.004963987828104819,0.036537577442588495,0.004942095930296197,0.932107751921014,0.018985748374526587
687XX,0.01359539817571953,0.012822481952901657,0.031501290671000284,0.9031625155450298,0.02872176502355908
977XX,0.010611970781431121,0.004420504517102431,0.02649082779811956,0.9045658613773943,0.024181677675762205
878XX,0.0034340290819337878,0.008907012931265761,0.04872028759993561,0.7965874335998283,0.020282234265171433
371XX,0.017558281624426707,0.09767032199704823,0.016734642057988035,0.8441654896608636,0.01990541634265945
990XX,0.014339643903538427,0.012254901960784314,0.011437908496732025,0.9063838178949741,0.0341446923597025
728XX,0.006231183505055715,0.028019335260462273,0.04983747346199518,0.881067757373667,0.029518657566779814
626XX,0.015192190359975596,0.04158531624974578,0.009141753101484644,0.9103060809436648,0.02155786048403498
530XX,0.023637309922419806,0.011428693529998032,0.0063721682008202165,0.9421605542183753,0.014104241040426256
949XX,0.044860238804815634,0.03585939866910471,0.07360963985896034,0.749684680522818,0.08986658816805293
801XX,0.03473235044933866,0.0380245347033359,0.017807196382079067,0.8739852967156819,0.0314208231621217
232XX,0.03848768462758616,0.36656343772960426,0.01791685836120057,0.5446591041742486,0.029313813679779716
951XX,0.32609604125900166,0.031199743319575052,0.12950676162786093,0.45546713460670063,0.0477591957346685
209XX,0.09904319339615834,0.2747030724604217,0.14691527282698108,0.4390804265943169,0.037683460089763754
377XX,0.004477111191932178,0.01841874522474365,0.002901100388223055,0.9564101913485746,0.015182143431079835
863XX,0.010472315885135766,0.0481318849319257,0.02826166350996696,0.8726547702970129,0.022503163777507877
599XX,0.005119409802721733,0.002059829870118677,0.0024131898059967767,0.9518310077653,0.017685233863947807
689XX,0.019584518904104373,0.006337847225526489,0.008184006927857028,0.9471465413054443,0.01682479563773398
482XX,0.017167979167840023,0.6962683443711535,0.02383153161211808,0.2351679637071615,0.023828218609577005
713XX,0.00964516240208363,0.35270571669120215,0.0023829803994938627,0.6163155381153776,0.012756822758447518
263XX,0.004761263438091692,0.02042352270116536,0.0029708382517211057,0.9539559682159918,0.01319052183764171
331XX,0.017893939301111172,0.18720528200006945,0.0272468003504451,0.7523230262445805,0.013614976014115831
441XX,0.026561071941506725,0.304524089306698,0.011538712625669148,0.6301744679462071,0.02452180441310876
763XX,0.03973990468789499,0.11581169773516717,0.032282528298707015,0.7746636456412033,0.029394140833465972
682XX,0.03295418208396145,0.02453976520031063,0.08080946507697227,0.7855648439998173,0.07527294321867434
794XX,0.02252214569216326,0.06728448422768157,0.06838441017632897,0.7655639521733607,0.0712349224939504
875XX,0.02041803539652649,0.018260974724876044,0.08062075961113675,0.8277930110247025,0.021326271468800364
466XX,0.012517077613688114,0.19566065968382018,0.026686617656626114,0.7153731051981003,0.036373690716283914
175XX,0.02035301113372557,0.01823069002025632,0.014706380016340422,0.9218342849131492,0.023205333359117036
851XX,0.023262296270780834,0.050717018075019486,0.057431697456444095,0.7921078155876647,0.02712159393752606
789XX,0.0025723379209115086,0.09232803848333794,0.04843843101919807,0.8435815082329347,0.006641573050037059
105XX,0.046073495916087566,0.10980864367682688,0.07675579219196564,0.7385193459937036,0.02529559401703202
197XX,0.05395013517572845,0.2147382506349163,0.029506540320598598,0.6716376744313062,0.0272181108167891
119XX,0.02152145330938943,0.06855679194458697,0.019805829912775783,0.8629425346331452,0.022002469214982043
915XX,0.09020711814852875,0.0677367529779566,0.07912029063119654,0.6794951585590019,0.07842555470321749
651XX,0.039853111824266645,0.2309379602915771,0.06980371503230903,0.629356221188822,0.026738509530658133
944XX,0.2593120054029452,0.020393181718077844,0.05394136042636285,0.5951021127277533,0.053801882221667575
111XX,0.14509368148723384,0.0832814906661747,0.08434980714527816,0.6542301471187634,0.029518142073220437
859XX,0.004578684109272797,0.003668077465691933,0.020200076952674107,0.7390021803257664,0.028767474669744775
433XX,0.005298433548411912,0.02374198263344648,0.006385045147269528,0.9435635090823421,0.01805890781110267
485XX,0.006537667698658411,0.36734262125902994,0.005459236326109391,0.5770536635706914,0.03683178534571723
597XX,0.008664572068780749,0.0038664815626674462,0.0029287836718788055,0.9504785912611428,0.0194907204442496
449XX,0.0074232992888942605,0.1045607461574102,0.006446284321427852,0.8442315827642473,0.035625793195141114
376XX,0.008795070603822692,0.022764684626811738,0.005701208495603646,0.9436633689088114,0.015854272009522483
264XX,0.007204051781609767,0.011204091583000826,0.0034627210220997224,0.9595418859889153,0.013631976437576493
738XX,0.003240111686799158,0.05251369955056515,0.14446120078240485,0.757768055783674,0.03326713750317292
553XX,0.03550603936420827,0.030730823657959,0.01297626358369156,0.8942726165512057,0.022308986237109484
505XX,0.01639733112967894,0.019588039053652865,0.015165427111070303,0.9281210785664004,0.01591528173109295
245XX,0.034285003447265275,0.20238715213719904,0.012863465102500795,0.7262934624248085,0.021948643126869904
384XX,0.007447456382172593,0.06679001613150665,0.007377723644511801,0.8988177976541907,0.017377398225069386
507XX,0.011983860446012226,0.1347942690086738,0.012587885670105584,0.8086448090072241,0.029524752953683345
694XX,0.0,0.0,0.0962962962962963,0.8962962962962963,0.0
261XX,0.004513476058129936,0.008004604351415005,0.0018023612446894713,0.9679285719694962,0.015986489863611234
416XX,0.0018059596669007724,0.008703722283535668,0.000526738236179392,0.9784538978629477,0.008954550015049663
480XX,0.036065858250160385,0.12489000837864463,0.006076270206030521,0.8069239506536394,0.022970282104407026
163XX,0.004520361899227687,0.012966479050251018,0.0017500354736920342,0.9646817165212809,0.015155712615796266
435XX,0.015078305131726493,0.02339704418601721,0.0134120374453502,0.9277268202950775,0.017491085940354548
814XX,0.0059537276288684346,0.007394529715054596,0.024231671449494528,0.9359497981686333,0.01825412891011062
920XX,0.05469121947901789,0.030973116185317777,0.06277707703437146,0.792532290874466,0.047280085078493565
911XX,0.17252019239495417,0.09448452672656321,0.07617524276250114,0.6135141573645522,0.03991401216081314
891XX,0.09917468615213428,0.10475481582266975,0.09990387634476718,0.6354482832700772,0.047146036345207865
999XX,0.04326878957511242,0.0034413141231531613,0.0028448196751399467,0.6366431127833349,0.09566853262365789
567XX,0.009385968809703648,0.008319633891678144,0.008641755898165016,0.9487048473808148,0.016783667303505577
702XX,0.18043771912516884,0.037169699637257726,0.08470563237057387,0.6679618134078043,0.027881069103161474
252XX,0.0009200886011245527,0.004583404327824161,0.0001192707445902198,0.9728744249446243,0.02090645765888567
598XX,0.007808225482325389,0.0032777161323972325,0.0018817465471484892,0.9001600507253417,0.0336720136222087
319XX,0.021685932399227018,0.4451872669569561,0.026141185612004462,0.4669488831593447,0.035833758003562186
380XX,0.026441633383647464,0.23854685670268802,0.012304698805373371,0.7011429767263757,0.01718695038492535
783XX,0.014898399824985812,0.017368255850451646,0.04242825845030009,0.8544750684045491,0.06724095839291319
213XX,0.09571850297743235,0.152346263488139,0.054744198199111645,0.6552379021093558,0.038193808032632816
970XX,0.05167244098477987,0.01329592166351032,0.046886618571980516,0.8399891058568687,0.035373029395185045
124XX,0.014768149187980051,0.04779105465584734,0.012228803597311147,0.8877095673411625,0.03520845459421828
393XX,0.004048023850004048,0.4106172522014106,0.003324141938003324,0.5444211087775445,0.010153396292010154
237XX,0.011313050686151106,0.40272618426303997,0.011205599729837595,0.542304976514291,0.02941853682497774
300XX,0.07985855435135082,0.31592631237605306,0.0480200476926844,0.5295573315921018,0.023454565107573253
457XX,0.016706011593118922,0.014760190725504862,0.00143745325355273,0.94563972513089,0.018283704188481676
256XX,0.006273691634098322,0.018674150039669712,0.004363668419970028,0.9585084187946284,0.010343510328817843
223XX,0.0873418290181045,0.1922790098683718,0.06359184773656389,0.6156695967295108,0.038503122239027236
125XX,0.02704458844809722,0.07939518465834255,0.04937832569411517,0.8102883585339725,0.03114078991271974
410XX,0.015329953552528789,0.036043368405913635,0.008572026266845788,0.9187921042567587,0.018884606961563983
795XX,0.025223139677391402,0.055713737481276074,0.04622488518055435,0.7881070575273277,0.08141348617833843
946XX,0.16776552428210212,0.25318914042189483,0.09913460511164662,0.4061895321644369,0.06016928026211137
545XX,0.007431073245769732,0.007793949433992032,0.0024139155129570466,0.9318344969037194,0.015927109217844043
169XX,0.005049813674043654,0.006722944710624382,0.0006540421324815575,0.972621492128679,0.013126473496083353
821XX,0.02611245151635464,0.10545765507131295,0.03463335674800721,0.8209082857404636,0.012216351586598662
812XX,0.0090647566488581,0.039605471731345036,0.014747842423530793,0.9020724476017143,0.021628603299477484
593XX,0.00507916690312695,0.0040292832415867435,0.005902048691901708,0.9474206912207026,0.01798989841666194
688XX,0.01555904990482496,0.01592687614370971,0.02461217320937589,0.9253956430982004,0.014464766844142827
715XX,0.0,0.1946164199192463,0.06971736204576043,0.4791386271870794,0.2535666218034993
387XX,0.010411671582377014,0.5284268194149757,0.009452615398763737,0.44246648230015834,0.007889222441914697
873XX,0.009128859483301827,0.008593257718966603,0.02707939508506616,0.5058837429111531,0.020368620037807185
181XX,0.04189055168228311,0.08865106502657015,0.11162425803395651,0.7195602725599617,0.03553542440704393
905XX,0.3320130065429948,0.042492580255250566,0.09076206311464712,0.4587360046306017,0.06478302566692581
238XX,0.014276143010202495,0.371210814814396,0.011262604703494404,0.5797951585499962,0.020515241549512772
799XX,0.01135324290584027,0.034997639053292715,0.0969346502888117,0.8264219044107659,0.022539602455384576
723XX,0.0022175168025619957,0.4348439837346986,0.016328508522427995,0.5181825843288457,0.024713987737816825
727XX,0.025135332902441913,0.027509117623653222,0.06607001791499018,0.829708604824043,0.0294073690196832
781XX,0.012082436112508393,0.06887682407368403,0.07050235280416095,0.8119466449929502,0.03131372952292218
328XX,0.05250131687781412,0.2220722668214378,0.05239832684102737,0.6388321788078689,0.03037776960055958
347XX,0.03020228831823861,0.1280943673232962,0.05512514577360531,0.7511534793868034,0.03142239606361198
276XX,0.03921983102825814,0.2243891718505694,0.02700326803964595,0.6860232587790819,0.019868271831108786
716XX,0.0034838584625115406,0.37055399980616893,0.019531030824241125,0.566425397991298,0.0372206664728356
704XX,0.02345481039863197,0.17654319344729155,0.029953955379302545,0.7462405764892973,0.020312531189907446
122XX,0.05706824953123742,0.19205461803039192,0.01551230286088967,0.6994742957057897,0.03380267108396314
978XX,0.0068518467814801635,0.00533225638638666,0.037537989759877335,0.8931358322153163,0.03901651014429264
107XX,0.05944322410005828,0.1342441087252133,0.11996607940706205,0.653509361784791,0.030681699317105245
464XX,0.006136560069144339,0.6146211466436186,0.03121578795736099,0.32202535292422935,0.02101699798329012
600XX,0.09066819107048409,0.04664034576897803,0.043883596809437056,0.7950341714586253,0.021480559399213936
360XX,0.009743307652020963,0.322461321571973,0.008923130638716966,0.6404627247663813,0.014285573119274819
775XX,0.03674724300711061,0.1255890883622651,0.06463016528108072,0.7450659027148515,0.022340050886155087
586XX,0.009291945627916413,0.00866301481030635,0.014749442077500508,0.9348752282410225,0.014911746804625686
823XX,0.0662875167272032,0.1454310839227681,0.061173771745364175,0.6758626457656279,0.04712292104760084
275XX,0.04404885701966383,0.19725242672715218,0.029951374873636267,0.6990532231357047,0.025083427238042095
966XX,0.0015203344735841885,0.03547447105029773,0.07006208032433803,0.8394780184974028,0.051057899404535666
314XX,0.02512850500729933,0.41861349537709114,0.013535451842825189,0.5196754762966023,0.020053732881333754
550XX,0.022756294476083443,0.021565558137218614,0.013897870202306253,0.9156762445870553,0.020432797724965177
394XX,0.006413991052482482,0.2633157126745808,0.007504369531404504,0.7082997044219124,0.012221325451250995
133XX,0.009504987184633914,0.010944013834419295,0.00613902356174536,0.9576876756322762,0.01321063520983232
186XX,0.01701605700008644,0.017658172358580266,0.00592721869378918,0.9465068512885526,0.011640398934747085
443XX,0.02702291679490754,0.23097478754259107,0.004460971927016761,0.702498071860754,0.03231307912069609
988XX,0.00932055358982398,0.006292829309804273,0.13146414654902136,0.8004792403816008,0.03136113226138756
187XX,0.020566080803469527,0.04991440310431408,0.011270257931979,0.8986133302898881,0.01692535950696188
372XX,0.034048778486969085,0.27460971057854666,0.03906881991427419,0.6264683564206626,0.023033399340535637
422XX,0.008251473477406679,0.11887241769363577,0.008156218372328392,0.8282133714353753,0.030725724831815206
244XX,0.04744646653186084,0.050235910198579356,0.006854357857624307,0.8746202105044849,0.01979053248301965
649XX,0.02924481264142983,0.01706746442680167,0.02656004295631496,0.9103670463698078,0.014785410194454033
227XX,0.01082510226479098,0.1266836276563903,0.013581263094881772,0.8029157936745486,0.04174149456250623
767XX,0.03803400538883211,0.1394629750069683,0.05426368112979652,0.7398606336523275,0.0244207005481743
590XX,0.002381169393428428,0.002791322973157727,0.0036572027525862464,0.8362233969830926,0.020610217381397258
630XX,0.026451394609046306,0.10034750823009315,0.005366547687392357,0.845354677494058,0.020438642471440813
673XX,0.006048223638338928,0.042191629777367,0.006599536248804138,0.8684470820969338,0.054352937361158406
854XX,0.2712241473577044,0.045662789163100244,0.020116513640391395,0.6379027544729549,0.023510114816839803
997XX,0.02491281969146543,0.03439891088316019,0.008510545359241112,0.6537540314067517,0.07436716924264154
761XX,0.032716599091682085,0.16518933525910567,0.08362814663118671,0.685386119826384,0.025870859598277392
158XX,0.0304180443657927,0.012201369161272296,0.0044008755180924885,0.9375339573728247,0.013753706204691163
388XX,0.004187778262143485,0.1765691662319286,0.011702196082354874,0.7938877017958851,0.012034502719197319
310XX,0.018219424728062737,0.29802092168504385,0.015856434980581223,0.6484963468892758,0.01755427585078047
585XX,0.004398433058223008,0.006591401813104082,0.0028302417263849754,0.9147616161742379,0.018543393915917455
524XX,0.020162330721199568,0.06047224822888484,0.011080066937463601,0.8759150454481788,0.02904555138629846
476XX,0.009286678492928978,0.01296177196045034,0.0057670697490335215,0.9539482518569823,0.014375269447958557
684XX,0.010231403879225897,0.008435465964255394,0.006389185188410214,0.9535124191827938,0.016990661122842154
262XX,0.0025750563664412008,0.008959297496143348,0.0004983980064079744,0.9745461018155928,0.011035955856176576
136XX,0.012707869530426791,0.034566355836192074,0.01264844994097654,0.8935478248468955,0.02853724815997338
274XX,0.03083999246345329,0.2743081339288683,0.046728806233167455,0.6162412581599743,0.027353231294401897
386XX,0.009993198233700052,0.2951534715999266,0.0084341902119344,0.6692117508610173,0.015644062489878326
709XX,0.10629293999754887,0.04865511747446129,0.13197223003222527,0.6709201144826293,0.037127552969843776
146XX,0.0343429746973446,0.20390773868775064,0.03104765696842145,0.6966715015689732,0.02963510707886579
171XX,0.044457469156578965,0.25971727347639884,0.034447139657153465,0.6196306913800907,0.039263703996007475
900XX,0.11171045763006786,0.13424662718466332,0.27325018171676374,0.4429639721577421,0.030465067394603248
286XX,0.01692521043635308,0.07852420421195214,0.0411597381236495,0.838054632824846,0.02118747379623956
610XX,0.016822621712277372,0.07858894354619754,0.05949807915546976,0.8118833682869316,0.031438997954092135
180XX,0.0343742938040863,0.04055724673322079,0.02104297659085169,0.8787303760617863,0.023176519068951306
200XX,0.035998350134881216,0.4961289802600908,0.037894746823140465,0.40176902204403114,0.024624710997046363
698XX,0.0010676068227524393,0.02743501253817315,0.033915137671624004,0.8990739131514264,0.034039277999851035
526XX,0.007107060690909739,0.03529453728308751,0.0053860284282427635,0.9286172887945641,0.021758128087603218
671XX,0.010052462119949604,0.030630678674514876,0.019011685653909996,0.9109810483091465,0.020644877443954858
313XX,0.016035150179424147,0.25471635914968965,0.0226328727642621,0.6709897996665819,0.029918152449304437
333XX,0.02999913155440434,0.2938215759644466,0.026965865053623368,0.6221204420765667,0.02443226942454781
417XX,0.00450382065684935,0.009792014574161227,0.002859167046202115,0.9659683214412226,0.01366327614999241
784XX,0.02064926712027352,0.05212126487641873,0.05773815568676948,0.8391654214239773,0.026034035021543906
838XX,0.01094636675465912,0.003347138137615984,0.003718603291023189,0.9430196165215055,0.023307462497826534
572XX,0.0036456685330655257,0.0032191941008955964,0.005626711056693585,0.8972884480457841,0.015655738832560634
455XX,0.007415481214424788,0.10764558471442014,0.01184054852202752,0.8398964068453463,0.031264265019610035
560XX,0.010272606504642252,0.015037456404551126,0.00818661230882961,0.949500642266634,0.01334304357532086
965XX,0.0006682258603407952,0.11181646063035973,0.17941864350150352,0.6049671455618666,0.09733823365630917
931XX,0.06561081239408331,0.013034290855074586,0.1309391802832814,0.7446074021382095,0.03941669979287403
836XX,0.01161514183215385,0.02185214953637451,0.0416694438454451,0.8884181843131873,0.028672247162376742
198XX,0.033139203777835975,0.22506973283283657,0.02241843025261784,0.6962558353182768,0.020689139137266638
321XX,0.016308697625589445,0.1030008419404128,0.02005411979114334,0.839534126304921,0.017510974675956883
790XX,0.020086944686847016,0.02840513341926393,0.05041350764969137,0.8599478011640661,0.032504183112235505
240XX,0.028865386922280776,0.12458398078430606,0.009010843699523234,0.8140334823981678,0.021533963627436484
985XX,0.03528093144596357,0.03595342770182135,0.02556065510411131,0.8316768926035074,0.047289241026136526
788XX,0.0057699824115692785,0.014881766660152434,0.0499609145983975,0.9092632401797929,0.013059409810435803
617XX,0.031047742328485495,0.05863473692225691,0.010648747430137821,0.8796543059468515,0.018754283103632072
153XX,0.01363459114363704,0.03133643478339727,0.003300958547578239,0.9332462750859247,0.01731189523990895
161XX,0.012638249441847,0.05359061906404781,0.014402924999306026,0.9000797078173144,0.0184795238151889
344XX,0.01548581517915223,0.09501683769874458,0.013826383634022329,0.8516578827423544,0.020271615755306862
168XX,0.04395107390172568,0.03056373559001779,0.003859412846618491,0.9049217564348674,0.014588379549132134
191XX,0.06513724062432202,0.4156014423544491,0.05466682958821578,0.4343191333903559,0.025987441740999623
283XX,0.013471508514007099,0.2927149365236329,0.037817167485009746,0.5385333843964172,0.03997210583776801
190XX,0.05359399307870591,0.13908467473092676,0.02224259453281265,0.7605930723560974,0.022975997714068008
625XX,0.011686060412847693,0.08752590260620069,0.00397505379772057,0.8675729257989958,0.027387024786801627
116XX,0.030952320147100136,0.3849801227537009,0.06988958977109244,0.48733730026985383,0.024295358003251867
914XX,0.09268340932513537,0.042407573441902165,0.24848202520013657,0.5822258950706899,0.030027663355785213
374XX,0.019411699900848296,0.27706070287539936,0.016921890492453455,0.6634703095736477,0.02062796077999339
189XX,0.04043821159786975,0.012913432082097685,0.008329833583683523,0.9249000961035548,0.012800065958471928
173XX,0.012149350042348515,0.01664197516875671,0.015528733255340304,0.9366925101197372,0.017945006416012554
557XX,0.004689887134786882,0.007218399516799507,0.0017823939742056209,0.9332520103745988,0.021400570839797718
958XX,0.16450165688900614,0.12594921479462026,0.07994718475442254,0.5384797661667295,0.06997897894596697
472XX,0.021037254164862407,0.014551441582481167,0.024330124529504976,0.9247445884149968,0.01298590061432018
648XX,0.017950218548254356,0.017319263336930082,0.010951797460329073,0.9164883532373793,0.023436785603248047
898XX,0.009169194296273053,0.011069274483143326,0.026705714186103267,0.8776627270508663,0.019105393438622182
679XX,0.02487184355420543,0.02293325872113357,0.09156315889400737,0.8353302089474683,0.022573521329429518
442XX,0.013513698606683399,0.027063351561617193,0.0031519978632844467,0.9381413998911097,0.016585227214359823
778XX,0.03419629881376612,0.12382507102898893,0.064214756396875,0.7350412522716478,0.03885477664618036
973XX,0.024052854682739436,0.008704795337130746,0.050947145317260564,0.8549410517949397,0.04189627765266923
843XX,0.01698629533578905,0.00616682359030267,0.03083411795151335,0.9177720147343035,0.0186050865282435
779XX,0.01060440942241596,0.06499167694573847,0.0648898841957774,0.8247967138905189,0.03196891129660012
543XX,0.03393274463553214,0.02762448997379732,0.027248609514678404,0.8547031361504394,0.031895363596249914
490XX,0.014731022961043273,0.08857162128157435,0.012127768309038884,0.8522500577203946,0.02702092721004257
226XX,0.01301842270010541,0.050853715306946906,0.01191616414021157,0.8996302618131619,0.022366217380370167
391XX,0.01029758601553829,0.4208379578246393,0.009898723640399556,0.5481270810210876,0.007391093229744728
595XX,0.0025597542635906953,0.0022397849806418584,0.006143410232617668,0.6870060474194477,0.02114996960291812
846XX,0.01162100866829614,0.005756263920293712,0.03609699542007506,0.906960740110447,0.02458446757948763
409XX,0.005710458008875492,0.025571464456166794,0.0022356191911580003,0.9495771581679645,0.014209160177509839
373XX,0.008013024211451903,0.03341546015688255,0.007483697970625876,0.9215134551596249,0.02634094530005311
826XX,0.00808597843120891,0.013566268858782838,0.012768798508915904,0.9284965829322799,0.025936332192765275
357XX,0.019627488338479732,0.1122914066092898,0.006081236449641942,0.8227982721240391,0.026480684580513763
207XX,0.04478656678654513,0.567765131415081,0.06737576433594454,0.28993719917578226,0.02679199922028135
536XX,0.0057550013702384216,0.0,0.0,0.9690326116744313,0.024938339271033158
454XX,0.020890491897612957,0.22310387702045892,0.007392336385215327,0.7197077591787663,0.025952300214762067
346XX,0.0176810144318757,0.03657767282108066,0.010220908779205512,0.9129040828715915,0.019487410886173274
927XX,0.14374111106111678,0.01562301313264302,0.292535345453265,0.5187208144468854,0.0225717913253738
629XX,0.013278679825957762,0.08759595316424351,0.004607520605610386,0.8696540379921469,0.021587251052389542
148XX,0.0456352116906613,0.027529216175248155,0.005322827385318217,0.9017302681671172,0.017592573188876547
444XX,0.004962502749983988,0.05636701355916155,0.0040685839044481515,0.9169212432433937,0.01590952761540882
717XX,0.005575079872204473,0.3122843450479233,0.012819488817891373,0.6291453674121406,0.03722843450479233
415XX,0.005245376955903272,0.008475580844001896,0.003837719298245614,0.9761142721669037,0.0056158131816026555
184XX,0.022556751782578995,0.04761165465107745,0.12886225448961502,0.7808401691403537,0.017800385025771887
350XX,0.004012332452980831,0.20702643087353373,0.02182988522338475,0.7520721362794694,0.011565621595776112
549XX,0.02388260941542058,0.014316800599957318,0.012419994056273921,0.9261821133735831,0.017801260149710094
620XX,0.007922119769171431,0.07178729401349429,0.0029683538329845303,0.8974420731608086,0.017683186814259816
487XX,0.004708057339636287,0.011834801308485519,0.005689900426742532,0.9548304285146391,0.018190439243070823
230XX,0.03558944927572513,0.24947036715994755,0.025387954099530294,0.6565600933781031,0.028392075378409754
408XX,0.009322610979603749,0.01292194947955511,0.004069522358053115,0.9571646292032816,0.012938162716041377
418XX,0.0015251817237798546,0.007139148494288681,0.0012980269989615785,0.9831256490134995,0.006879543094496366
753XX,0.0,0.0,0.0,0.0,0.0
402XX,0.02285127011218516,0.20278666991765049,0.007975397393445072,0.736405513039329,0.028168201707815206
506XX,0.010785161967883943,0.01143814856533403,0.002862257918822883,0.9635034907575188,0.008684721746086161
231XX,0.026165302287405233,0.12998412424131153,0.006285504460332203,0.8132060392682031,0.020039095405749833
792XX,0.06917051399040502,0.027483895449165636,0.015892232772873882,0.8669895105842812,0.017789543109601295
596XX,0.0059777320004549645,0.004865595814323808,0.0021358069938200615,0.9393506641222339,0.02326639453031203
991XX,0.03259510473939332,0.01055101656304061,0.008778240241166094,0.8644982272236781,0.0391552335440111
128XX,0.009365138006703374,0.020003293822302738,0.003854662316447301,0.9509443032453052,0.014065511454934725
531XX,0.019778301475080737,0.03136219487358529,0.015355968694539,0.9102513747054203,0.019872857932559426
856XX,0.015755050627392082,0.028719538782035755,0.07602021865865671,0.8141821294187943,0.03660352373108538
167XX,0.0044322367188963105,0.021661776640239716,0.005493476496660216,0.9539921343404707,0.012006575524897518
806XX,0.017382021792986767,0.05570821452309498,0.06642343537346458,0.8201172229047916,0.032361463185850384
558XX,0.013154295873363192,0.022564874012786763,0.00232486580737803,0.9197750350439331,0.026394064754350577
160XX,0.03511477113551127,0.06193518141972798,0.014419818354344584,0.8615855587185396,0.024400162667751118
612XX,0.013412208504801097,0.08537722908093279,0.04128600823045268,0.8270233196159122,0.02935185185185185
427XX,0.009374859151755533,0.04032391340274335,0.00485769945363401,0.9231131343178939,0.020197012264439138
835XX,0.008198212062284027,0.004868562794666965,0.00643545656766323,0.9115124721946306,0.02530813245848431
793XX,0.0195574550962995,0.03479225275914304,0.060008656135035705,0.858082666089591,0.021131789655918633
551XX,0.10763960002799908,0.09280138543581341,0.016824075058266597,0.7400739383035152,0.036725456086817876
803XX,0.03909727207465901,0.023667444364680545,0.032443467336683414,0.8758255563531946,0.0269113424264178
397XX,0.011387753902231106,0.41913048590493546,0.003680296305006026,0.5571415973426614,0.007713336664804962
675XX,0.004753649124769308,0.02198562720205805,0.021685028801521167,0.9234732397516917,0.023069179576086347
366XX,0.016682930229316235,0.4480936781208615,0.006241723008294417,0.512560117097651,0.013480170070397993
151XX,0.018102552114161223,0.10253221851389463,0.004299946779143393,0.848614019467891,0.025071002591408063
995XX,0.08007133248968161,0.05504367889348846,0.01489770467491321,0.6338786428442298,0.0901154863202792
430XX,0.04063645042056658,0.05690461517942157,0.005838904044626616,0.8712575996522345,0.02402867089600255
297XX,0.011456262425447316,0.21486359620057432,0.008380273912083057,0.7373978352109565,0.02115915617406671
534XX,0.014330414854859561,0.1427459160888471,0.047846397931601836,0.7559348924667999,0.033978728405218005
640XX,0.012812953385755417,0.06165671187208652,0.017121946608693303,0.8772417042128211,0.02535284383050293
683XX,0.019248550054635622,0.014088878256315425,0.024427619115355518,0.9245769780358332,0.014657864620039958
259XX,0.0005747888756245303,0.0296458416235575,0.003912985807136225,0.9522040942653756,0.010346199761241544
548XX,0.0062693444876244725,0.0079701761151819,0.003767539826159186,0.9194132130884927,0.02128017245641619
503XX,0.0417505718913323,0.08286329709963432,0.023436691212075672,0.8190953263537545,0.02890681093356042
322XX,0.040506914564114586,0.2735386077114969,0.01076319710693298,0.6409805119791057,0.03071686283045087
469XX,0.007366035033425302,0.042412248590894125,0.016774993845652154,0.9089572136949425,0.020119122597806176
375XX,0.07793257867894017,0.020400547331757682,0.007961189202637144,0.8776589128000996,0.012003980594601319
273XX,0.009370481104909791,0.15389242116290203,0.03154736992474043,0.7759580370859533,0.023592861492811118
825XX,0.006164453006184731,0.007279732332961574,0.0071580654973131905,0.7802088614011964,0.026219203082226503
378XX,0.007935073319192106,0.022333302591533707,0.00982200498017154,0.9412893110762705,0.01586461311445172
471XX,0.006679284991937027,0.040574521004728456,0.006511875802880805,0.9245599529887665,0.019942192582064668
811XX,0.021536760641238252,0.07282476506357104,0.09398562741846324,0.7419237147595357,0.03666113875069099
950XX,0.21496726870640495,0.016348965395623277,0.07840378048228316,0.6400916047270326,0.04144017691818249
798XX,0.020747855277881387,0.016073759791122716,0.18204494591570308,0.7645701230883999,0.009942651995524058
540XX,0.021491835425979794,0.016259444790379093,0.0030437085846522736,0.9378758166897462,0.01587840035688064
676XX,0.010309278350515464,0.01779434974019142,0.04954360446335453,0.8864687260611542,0.03246915061514181
941XX,0.33562127094512206,0.05744689319299363,0.05977463151178764,0.49480962598190154,0.04427768350236573
830XX,0.016251402255417133,0.18592430772864144,0.10121331995040445,0.6546909133848969,0.028192714176064237
606XX,0.057128555251611826,0.3092193720555326,0.11174457027722809,0.4966706234889967,0.02229569293716204
922XX,0.02918709513527245,0.03575003175409628,0.2060790041915407,0.6807747999491934,0.03629493204623396
389XX,0.005085952598921778,0.45909198792933914,0.01122300206828739,0.5156562574170142,0.0057556030244464785
780XX,0.009238048181586788,0.012425532481230276,0.06072523585886565,0.8929081801560803,0.020294426394233248
404XX,0.006494495355316081,0.03073911836105811,0.003923570987073715,0.9396280669694446,0.01581073696845915
635XX,0.01585071005245747,0.020529113460010996,0.01157381141495518,0.9296406532308041,0.019115118400265342
885XX,0.2622471297607414,0.1197689183170127,0.016174388225204922,0.5778238700198772,0.022124276207760783
491XX,0.01752814333280482,0.046448390677025525,0.01350087204693198,0.8926668780719835,0.025669890597748532
228XX,0.015508131062104908,0.03328427351252232,0.011967379240457463,0.9175010857501327,0.01890411619939198
282XX,0.05278046079978323,0.3338958919980799,0.04279338991622353,0.5383464512670417,0.02753656533992364
396XX,0.0023616089511857724,0.43604931100632055,0.001956543338199216,0.5515388671919782,0.005426350664536888
317XX,0.008035424991899773,0.41581974295280266,0.021762609353061884,0.5390268927529971,0.014161896533102927
874XX,0.0035846052019371283,0.006160016251957771,0.047445231557632195,0.6260083750008192,0.03034790985406004
323XX,0.021259979173897953,0.30751653183100597,0.011619006933133972,0.6378594505113075,0.018087113626856773
685XX,0.03980737724276981,0.06340043307801123,0.022340063196573164,0.843823417537422,0.025062338869870252
947XX,0.20503458473786382,0.0766050191670229,0.030064544161241265,0.6193996902440905,0.06111021563776779
156XX,0.01163978901849531,0.01348794293032928,0.0022805833666147933,0.9595196452425874,0.011502072631622437
204XX,0.03146003653194772,0.01551721080352551,0.007927077976201033,0.9251095071733849,0.0169713951302559
604XX,0.02598323679152506,0.2205173972996417,0.05604456303077122,0.6720067864892442,0.023045456822478202
392XX,0.007186615893840718,0.6750267244229027,0.00762021697226241,0.30147295574263844,0.007023478854434537
247XX,0.06040140250553053,0.037903389799175506,0.008411335892679981,0.8671132171973306,0.023286768013507434
845XX,0.005842817456761359,0.004337306210233892,0.015288108253427727,0.8277085760372793,0.015718254323864145
134XX,0.011138562686073437,0.02635006615944426,0.00852836586172676,0.9310597915977505,0.01923792590142243
953XX,0.06680803946751765,0.03746587912893844,0.11402452767412824,0.7069325739389885,0.061431878105759494
766XX,0.036292499648686825,0.10190300798035605,0.04901373449599503,0.7717721715591649,0.036980333858454076
501XX,0.014816339702004072,0.009402784114302247,0.020235459067288325,0.9390488165845082,0.012473989339802151
192XX,0.028306455518427042,0.008935057387766962,0.005545062714901448,0.9457600852341518,0.011017482686812921
960XX,0.01999218201333033,0.009997747359773147,0.026667285038493645,0.8669882200166961,0.049220188956762556
903XX,0.012714984097066792,0.35975968900930616,0.285148427376605,0.3016256331723407,0.03086347037342443
883XX,0.1259938870890361,0.045313165398983335,0.04152898242133805,0.7333714267232317,0.02460257992873661
968XX,0.5132747785157282,0.02039344839648481,0.008319194351704888,0.2156732098621479,0.16603170146085625
605XX,0.07011288399766982,0.06054236261030944,0.07963200429965571,0.7622934262520673,0.024976418624867665
185XX,0.11433961263872199,0.05900544285007422,0.05978741075846469,0.7397814024174737,0.0243691241959426
755XX,0.007431014625372734,0.22009844911096035,0.020210466528879985,0.7238455106258777,0.020107915371629616
618XX,0.06898847927050102,0.1235344279894951,0.007997581020523954,0.7730575968526088,0.02403690982166821
639XX,0.003100176651575241,0.02806537278161888,0.002562032779981048,0.9392131400694907,0.022297874331707202
955XX,0.022342758083318735,0.01668911613522835,0.0326715270269454,0.8112070163146228,0.060033704403921306
129XX,0.008425666626080604,0.0465542432728601,0.011780104712041885,0.9100389626202362,0.014897114330938755
343XX,0.014656500612333584,0.008414648599533836,0.004503614743412476,0.9464701931813693,0.02334768695926994
425XX,0.005335387600216839,0.009168117017128401,0.004412869601605371,0.9640883715179701,0.014855392926093945
923XX,0.043282034031340226,0.09396462310430859,0.1441103491393627,0.6657322531513096,0.03941441154459403
619XX,0.007834482758620689,0.02018390804597701,0.0036873563218390803,0.9528735632183908,0.01374712643678161
705XX,0.033638039513362236,0.25212436811152156,0.04360290063056183,0.6444074264632934,0.02185047863172928
304XX,0.00801067093105368,0.2761701221403138,0.026729636119756543,0.670168844318738,0.01668267057236692
523XX,0.010766416403064142,0.014431444287765032,0.008143094884205445,0.9431063175679968,0.015587484279126491
956XX,0.07214604130802132,0.04256052375357787,0.06575439702821814,0.7498710659263091,0.05677377239313524
254XX,0.01247517959060619,0.06058259088688131,0.010406378975163997,0.8876766017610795,0.02715950556704889
463XX,0.012717441810084011,0.08501203465622419,0.06255630739993157,0.8140268363122407,0.022315285582168092
768XX,0.00439924260462374,0.02413914305475243,0.025238953705908364,0.9233307255348822,0.015522069911675
659XX,0.003131648777222634,0.008606057708398078,0.01814443833520595,0.9524754368769572,0.017618512586359398
872XX,0.017113710479128148,0.022465229065435324,0.016435479824960745,0.9262400936515752,0.014716676112344727
102XX,0.04501584557764333,0.024620666474599057,0.02912225103236339,0.8740396619610102,0.026805435513300682
149XX,0.007482014388489209,0.08505652620760534,0.002528263103802672,0.8433299075025694,0.05516957862281603
708XX,0.04915956548577753,0.35641128431449065,0.04457247461667814,0.528136285910926,0.018798913004917022
131XX,0.010277201584009051,0.016477909285532052,0.00547414892790984,0.944981198211889,0.017315393062750276
101XX,0.07465846100126576,0.03887870455239841,0.0333573392693466,0.829917943345991,0.022620138797957313
162XX,0.0034286622540616023,0.029279867394784345,0.004688865930223317,0.9516694860412575,0.00943449779180527
268XX,0.0016921496343748111,0.026379404121593036,0.004260591043693721,0.957666042182873,0.009518341693358313
434XX,0.0064471987579274226,0.023925686166153523,0.01914686455619589,0.928354516986395,0.01987842425199337
614XX,0.010878126952223158,0.05070347937094277,0.01620854496564087,0.9041067984898281,0.016317190428334738
305XX,0.019798006096701057,0.05492455061238216,0.030430620192881397,0.8761485555591716,0.015588895759429818
800XX,0.054857455642168984,0.07484633508363137,0.05162946472035257,0.7694680089224092,0.03976356913677205
267XX,0.0031505202503834514,0.020768561124238277,0.0010916276306153186,0.9595545053821387,0.01500642540314223
508XX,0.0038852361028093247,0.007894999003785614,0.003088264594540745,0.974596533173939,0.008368200836820083
117XX,0.044520387176829275,0.06428967465016931,0.05051911587265136,0.8180334878268184,0.020772247505921968
993XX,0.021728422240261974,0.015118534927558167,0.16065438434761073,0.7615404724886143,0.0319101803822287
474XX,0.03259887473407223,0.017534134146385362,0.006346269451873823,0.9209578079272572,0.019096403540664
570XX,0.010607185610595064,0.009672743068709308,0.006177422857979887,0.9424484415013713,0.015759247192884095
126XX,0.043551157274883456,0.17679111801750225,0.04594340394209536,0.6933630489899403,0.03554633188844361
860XX,0.011882331489697927,0.057846593326445025,0.052634777852063455,0.5123128507465711,0.032648554468283394
